"country","ccode","X1979","X1980","X1981","X1982","X1983","X1984","X1985","X1986","X1987","X1988","X1989","X1990","X1991","X1992","X1993","X1994","X1995","X1996","X1997","X1998","X1999","X2000","X2001","X2002","X2003","X2004","X2005","X2006","X2007","X2008","X2009","X2010","X2011"
"Afghanistan",700,"NF","NF","NF","NF","NF","NF","NF","NF","NF","NF","NF","NF","NF","NF","NF","NF","NF","NF","NF","NF","NF","NF",NA,"NF","NF","NF","NF","NF","NF","NF","NF","NF","NF"
"Albania",339,"NF","NF","NF","NF","NF","NF","NF","NF","NF","NF","NF","NF","PF","PF","PF","NF","NF","NF","PF","PF","PF","PF","PF","PF","PF","PF","PF","PF","PF","PF","PF","PF","PF"
"Algeria",615,"NF","NF","NF","NF","NF","NF","NF","NF","NF","NF","PF","PF","PF","NF","NF","NF","NF","NF","NF","NF","NF","NF","NF","NF","NF","NF","NF","NF","NF","NF","NF","NF","NF"
"Andorra",232,NA,NA,NA,NA,NA,NA,NA,NA,NA,NA,NA,NA,NA,NA,NA,NA,NA,NA,NA,NA,NA,NA,NA,"F","F","F","F","F","F","F","F","F","F"
"Angola",540,"NF","NF","NF","NF","NF","NF","NF","NF","NF","NF","NF","NF","NF","NF","NF","NF","NF","NF","NF","NF","NF","NF","NF","NF","NF","NF","NF","NF","NF","NF","NF","NF","NF"
"Antigua and Barbuda",58,NA,NA,"F","F","PF","PF","PF","PF","PF","F","F","F","F","F","F","PF","PF","PF","PF","PF","PF","PF","PF","PF","PF","PF","PF","PF","PF","PF","PF","PF","PF"
"Argentina",160,"PF","PF","PF","PF","F","F","F","F","F","F","F","F","F","F","F","F","PF","PF","PF","PF","PF","PF","PF","PF","PF","PF","PF","PF","PF","PF","PF","PF","PF"
"Armenia",371,NA,NA,NA,NA,NA,NA,NA,NA,NA,NA,NA,NA,NA,"PF","PF","PF","PF","PF","PF","PF","PF","PF","PF","NF","NF","NF","NF","NF","NF","NF","NF","NF","NF"
"Australia",900,"F","F","F","F","F","F","F","F","F","F","F","F","F","F","F","F","F","F","F","F","F","F","F","F","F","F","F","F","F","F","F","F","F"
"Austria",305,"F","F","F","F","F","F","F","F","F","F","F","F","F","F","F","F","F","F","F","F","F","F","F","F","F","F","F","F","F","F","F","F","F"
"Azerbaijan",373,NA,NA,NA,NA,NA,NA,NA,NA,NA,NA,NA,NA,NA,"NF","NF","NF","NF","NF","NF","NF","NF","NF","NF","NF","NF","NF","NF","NF","NF","NF","NF","NF","NF"
"Bahamas",31,"F","F","F","F","F","F","F","F","F","F","F","F","F","F","F","F","F","F","F","F","F","F","F","F","F","F","F","F","F","F","F","F","F"
"Bahrain",692,"NF","NF","NF","NF","NF","NF","NF","NF","NF","NF","NF","NF","NF","NF","PF","PF","PF","NF","NF","NF","NF","NF","NF","NF","NF","NF","NF","NF","NF","NF","NF","NF","NF"
"Bangladesh",771,"F","F","F","F","PF","PF","PF","PF","PF","NF","NF","NF","F","PF","PF","PF","PF","PF","PF","PF","PF","PF","NF","NF","NF","NF","NF","NF","NF","NF","PF","PF","PF"
"Barbados",53,"F","F","F","F","F","F","F","F","F","F","F","F","F","F","F","F","F","F","F","F","F","F","F","F","F","F","F","F","F","F","F","F","F"
"Belarus",370,NA,NA,NA,NA,NA,NA,NA,NA,NA,NA,NA,NA,NA,"PF","NF","NF","NF","NF","NF","NF","NF","NF","NF","NF","NF","NF","NF","NF","NF","NF","NF","NF","NF"
"Belgium",211,"F","F","F","F","F","F","F","F","F","F","F","F","F","F","F","F","F","F","F","F","F","F","F","F","F","F","F","F","F","F","F","F","F"
"Belize",80,NA,NA,"F","F","F","F","F","F","F","F","F","F","F","F","F","F","F","F","F","F","F","F","F","F","F","F","F","F","F","F","F","F","F"
"Benin",434,"NF","NF","NF","NF","NF","NF","NF","NF","NF","NF","NF","PF","F","PF","PF","PF","PF","F","F","F","F","F","F","F","F","F","F","F","PF","PF","PF","PF","PF"
"Bhutan",760,"NF","NF","NF","NF","NF","NF","NF","NF","NF","NF","NF","NF","NF","NF","NF","NF","NF","NF","NF","NF","NF","NF","NF","NF","NF","NF","NF","NF","NF","NF","PF","PF","PF"
"Bolivia",145,"F","PF","PF","PF","F","F","F","F","F","PF","PF","F","F","F","F","F","F","F","F","F","F","F","F","F","PF","PF","PF","PF","PF","PF","PF","PF","PF"
"Bosnia-Herzegovina",346,NA,NA,NA,NA,NA,NA,NA,NA,NA,NA,NA,NA,NA,"NF","NF","NF","PF","NF","NF","PF","PF","PF","PF","PF","PF","PF","PF","PF","PF","PF","PF","PF","PF"
"Botswana",571,"F","F","F","F","F","F","F","F","F","PF","F","F","F","F","F","F","F","F","F","F","F","F","F","F","F","F","PF","PF","PF","PF","PF","PF","PF"
"Brazil",140,"F","F","PF","PF","F","F","F","F","F","F","F","F","F","F","F","F","F","F","PF","PF","PF","PF","PF","PF","PF","PF","PF","PF","PF","PF","PF","PF","PF"
"Brunei",835,NA,NA,NA,NA,NA,"NF","NF","NF","NF","NF","NF","NF","NF","NF","NF","NF","NF","NF","NF","NF","NF","NF","NF","NF","NF","NF","NF","NF","NF","NF","NF","NF","NF"
"Bulgaria",355,"NF","NF","NF","NF","NF","NF","NF","NF","NF","NF","NF","PF","PF","PF","PF","PF","PF","PF","PF","PF","F","F","F","F","PF","PF","PF","PF","PF","PF","PF","PF","PF"
"Burkina Faso",439,"PF","PF","PF","PF","PF","NF","NF","NF","NF","NF","NF","NF","PF","PF","PF","PF","PF","PF","PF","PF","PF","PF","PF","PF","PF","PF","PF","PF","PF","PF","PF","PF","PF"
"Burma (Myanmar)",775,"NF","NF","NF","NF","NF","NF","NF","NF","NF","NF","NF","NF","NF","NF","NF","NF","NF","NF","NF","NF","NF","NF","NF","NF","NF","NF","NF","NF","NF","NF","NF","NF","NF"
"Burundi",516,"NF","NF","NF","NF","NF","NF","NF","NF","NF","NF","NF","NF","NF","NF","NF","NF","NF","NF","NF","NF","NF","NF","NF","NF","NF","NF","NF","NF","NF","NF","NF","NF","NF"
"Cambodia",811,"NF","NF","NF","NF","NF","NF","NF","NF","NF","NF","NF","NF","NF","NF","PF","PF","NF","NF","NF","NF","NF","NF","NF","NF","NF","NF","NF","PF","PF","NF","NF","NF","NF"
"Cameroon",471,"NF","NF","NF","NF","NF","NF","NF","NF","NF","NF","NF","NF","NF","NF","NF","NF","NF","NF","NF","NF","NF","NF","NF","NF","NF","NF","NF","NF","NF","NF","NF","NF","NF"
"Canada",20,"F","F","F","F","F","F","F","F","F","F","F","F","F","F","F","F","F","F","F","F","F","F","F","F","F","F","F","F","F","F","F","F","F"
"Cape Verde",402,"NF","NF","NF","NF","NF","NF","NF","NF","PF","NF","NF","NF","PF","F","PF","PF","PF","PF","PF","PF","PF","PF","F","F","PF","PF","PF","F","F","F","F","F","F"
"Central African Republic",482,"NF","PF","PF","PF","PF","NF","NF","NF","NF","NF","NF","NF","NF","NF","NF","NF","NF","NF","PF","PF","PF","NF","NF","NF","NF","NF","NF","PF","NF","NF","NF","NF","NF"
"Chad",483,"NF","NF","NF","NF","NF","NF","NF","NF","NF","NF","NF","NF","NF","NF","NF","NF","NF","NF","NF","NF","NF","NF","NF","NF","NF","NF","NF","NF","NF","NF","NF","NF","NF"
"Chile",155,"PF","PF","PF","PF","PF","PF","PF","PF","PF","NF","PF","F","F","F","F","F","F","F","F","F","F","F","F","F","F","F","F","F","F","F","F","F","PF"
"China",710,"NF","NF","NF","NF","NF","NF","NF","NF","NF","NF","NF","NF","NF","NF","NF","NF","NF","NF","NF","NF","NF","NF","NF","NF","NF","NF","NF","NF","NF","NF","NF","NF","NF"
"Colombia",100,"F","F","F","F","F","F","F","F","F","F","F","PF","PF","PF","NF","PF","PF","PF","PF","PF","PF","PF","PF","NF","NF","NF","NF","PF","PF","PF","PF","PF","PF"
"Comoros",581,NA,NA,NA,NA,NA,NA,NA,NA,NA,NA,NA,NA,NA,NA,"PF","PF","PF","PF","PF","PF","PF","PF","PF","PF","PF","PF","PF","PF","PF","PF","PF","PF","PF"
"Congo, Democratic Republic of (Kinshasa)",490,"NF","NF","NF","NF","NF","NF","NF","NF","NF","NF","NF","NF","NF","NF","NF","NF","NF","NF","NF","NF","NF","NF","NF","NF","NF","NF","NF","PF","PF","NF","NF","NF","PF"
"Congo, Republic of (Brazzaville)",484,"NF","NF","NF","NF","NF","NF","NF","NF","NF","NF","NF","NF","PF","PF","PF","PF","PF","PF","NF","NF","NF","NF","PF","PF","PF","PF","PF","NF","NF","PF","PF","PF","NF"
"Costa Rica",94,"F","F","F","F","F","F","F","F","F","F","F","F","F","F","F","F","F","F","F","F","F","F","F","F","F","F","F","F","F","F","F","F","F"
"C�te d'Ivoire",437,"PF","PF","PF","PF","PF","PF","PF","PF","PF","NF","NF","NF","PF","NF","NF","NF","NF","NF","NF","NF","NF","NF","NF","NF","NF","NF","NF","NF","NF","NF","NF","NF","NF"
"Croatia",344,NA,NA,NA,NA,NA,NA,NA,NA,NA,NA,NA,NA,NA,"NF","PF","PF","PF","NF","NF","NF","NF","PF","PF","PF","PF","PF","PF","PF","PF","PF","PF","PF","PF"
"Cuba",40,"NF","NF","NF","NF","NF","NF","NF","NF","NF","NF","NF","NF","NF","NF","NF","NF","NF","NF","NF","NF","NF","NF","NF","NF","NF","NF","NF","NF","NF","NF","NF","NF","NF"
"Cyprus (Turkish)",352,NA,NA,"F","F","F","F","F","F","F","F","F","F","F","F",NA,NA,NA,NA,NA,NA,NA,NA,NA,NA,NA,NA,NA,NA,NA,NA,NA,NA,NA
"Czech Republic",316,NA,NA,NA,NA,NA,NA,NA,NA,NA,NA,NA,NA,NA,NA,"F","F","F","F","F","F","F","F","F","F","F","F","F","F","F","F","F","F","F"
"Czechoslovakia",315,"NF","NF","NF","NF","NF","NF","NF","NF","NF","NF","PF","F","F","F",NA,NA,NA,NA,NA,NA,NA,NA,NA,NA,NA,NA,NA,NA,NA,NA,NA,NA,NA
"Denmark",390,"F","F","F","F","F","F","F","F","F","F","F","F","F","F","F","F","F","F","F","F","F","F","F","F","F","F","F","F","F","F","F","F","F"
"Djibouti",522,NA,NA,NA,NA,NA,NA,NA,NA,NA,NA,NA,NA,NA,NA,"NF","PF","PF","PF","NF","NF","NF","NF","NF","NF","NF","NF","NF","NF","NF","NF","NF","NF","NF"
"Dominica",54,"F","F","F","F","F","F","F","F","F","F","F","F","F","F","F","F","F","F","F","F","F","F","F","F","F","F","F","F","F","F","F","F","F"
"Dominican Republic",42,"F","F","F","F","F","F","F","F","F","F","F","F","F","F","F","PF","PF","PF","F","F","F","F","F","PF","PF","PF","PF","PF","PF","PF","PF","PF","PF"
"East Timor",860,NA,NA,NA,NA,NA,NA,NA,NA,NA,NA,NA,NA,NA,NA,NA,NA,NA,NA,NA,NA,NA,"F","F","F","F","F","PF","PF","PF","PF","PF","PF","PF"
"Ecuador",130,"F","F","F","F","F","F","F","F","F","F","F","F","F","F","F","PF","PF","PF","PF","PF","PF","PF","PF","PF","PF","PF","PF","PF","PF","PF","PF","PF","PF"
"Egypt",651,"PF","PF","PF","PF","PF","PF","PF","PF","PF","PF","PF","PF","PF","PF","NF","NF","NF","NF","NF","NF","NF","NF","NF","NF","NF","NF","NF","NF","PF","PF","PF","NF","PF"
"El Salvador",92,"PF","PF","PF","PF","PF","PF","PF","PF","PF","PF","PF","PF","PF","PF","PF","PF","PF","PF","PF","PF","PF","PF","PF","PF","PF","PF","PF","PF","PF","PF","PF","PF","PF"
"Equatorial Guinea",411,"NF","NF","NF","NF","NF","NF","NF","NF","NF","NF","NF","NF","NF","NF","NF","NF","NF","NF","NF","NF","NF","NF","NF","NF","NF","NF","NF","NF","NF","NF","NF","NF","NF"
"Eritrea",531,NA,NA,NA,NA,NA,NA,NA,NA,NA,NA,NA,NA,NA,NA,"NF","NF","NF","NF","NF","NF","NF","NF","NF","NF","NF","NF","NF","NF","NF","NF","NF","NF","NF"
"Estonia",366,NA,NA,NA,NA,NA,NA,NA,NA,NA,NA,NA,NA,"F","PF","F","F","F","F","F","F","F","F","F","F","F","F","F","F","F","F","F","F","F"
"Ethiopia",530,"NF","NF","NF","NF","NF","NF","NF","NF","NF","NF","NF","NF","NF","NF","NF","PF","PF","NF","NF","NF","NF","NF","NF","NF","NF","NF","NF","NF","NF","NF","NF","NF","NF"
"Fiji",950,"F","F","F","F","F","F","F","F","NF","PF","PF","PF","PF","PF","PF","PF","PF","PF","PF","PF","PF","PF","PF","F","F","F","F","PF","PF","PF","PF","PF","PF"
"Finland",375,"F","F","F","F","F","F","F","F","F","F","F","F","F","F","F","F","F","F","F","F","F","F","F","F","F","F","F","F","F","F","F","F","F"
"France",220,"F","F","F","F","F","F","F","F","F","F","F","F","F","F","F","F","F","F","F","F","F","F","F","F","F","F","F","F","F","F","F","F","F"
"Gabon",481,"NF","NF","NF","NF","NF","NF","NF","NF","NF","NF","NF","PF","PF","PF","PF","PF","PF","PF","PF","PF","PF","PF","PF","PF","NF","NF","NF","NF","NF","NF","NF","NF","NF"
"Gambia, The",420,"F","F","F","F","F","F","F","F","F","PF","F","F","F","F","F","NF","NF","NF","NF","NF","NF","NF","NF","NF","NF","NF","NF","NF","NF","NF","NF","NF","NF"
"Georgia",372,NA,NA,NA,NA,NA,NA,NA,NA,NA,NA,NA,NA,NA,"PF","NF","NF","NF","PF","PF","PF","PF","PF","PF","PF","PF","PF","PF","PF","PF","PF","PF","PF","PF"
"Germany",255,NA,NA,NA,NA,NA,NA,NA,NA,NA,NA,NA,"F","F","F","F","F","F","F","F","F","F","F","F","F","F","F","F","F","F","F","F","F","F"
"Germany, East",265,"NF","NF","NF","NF","NF","NF","NF","NF","NF","NF","PF",NA,NA,NA,NA,NA,NA,NA,NA,NA,NA,NA,NA,NA,NA,NA,NA,NA,NA,NA,NA,NA,NA
"Germany, West",260,"F","F","F","F","F","F","F","F","F","F","F",NA,NA,NA,NA,NA,NA,NA,NA,NA,NA,NA,NA,NA,NA,NA,NA,NA,NA,NA,NA,NA,NA
"Ghana",452,"PF","PF","PF","PF","NF","NF","NF","NF","NF","NF","NF","NF","NF","PF","NF","NF","NF","PF","PF","NF","NF","PF","F","F","F","F","F","F","F","F","F","F","F"
"Greece",350,"F","F","F","F","F","F","F","F","F","F","F","F","F","F","F","F","F","F","F","F","F","F","F","F","F","F","F","F","F","F","F","F","F"
"Grenada",55,"NF","NF","NF","NF","NF","F","F","F","F","F","F","F","F","F","F","F","F","F","F","F","F","F","F","F","F","F","F","F","F","F","F","F","F"
"Guatemala",90,"PF","PF","PF","PF","PF","PF","PF","PF","PF","PF","PF","PF","PF","PF","PF","PF","PF","PF","PF","PF","PF","PF","PF","PF","NF","PF","PF","PF","PF","PF","PF","PF","PF"
"Guinea",438,"NF","NF","NF","NF","NF","NF","NF","NF","NF","NF","NF","NF","NF","PF","NF","NF","NF","NF","NF","NF","NF","NF","NF","NF","NF","NF","NF","NF","NF","NF","NF","PF","NF"
"Guinea-Bissau",404,"NF","NF","NF","NF","NF","NF","NF","NF","NF","NF","NF","NF","PF","PF","PF","PF","PF","PF","PF","PF","PF","PF","PF","PF","NF","PF","PF","PF","PF","PF","PF","PF","PF"
"Guyana",110,"PF","PF","PF","PF","PF","PF","PF","PF","PF","NF","NF","NF","PF","PF","PF","F","F","F","F","F","F","F","F","F","F","F","F","F","PF","F","F","F","PF"
"Haiti",41,"PF","NF","NF","NF","NF","NF","NF","F","PF","NF","NF","NF","NF","NF","NF","PF","PF","PF","PF","PF","PF","PF","NF","NF","NF","NF","NF","PF","PF","PF","PF","PF","PF"
"Honduras",91,"F","F","F","F","F","F","F","F","F","PF","PF","PF","F","F","PF","PF","PF","PF","PF","PF","PF","PF","PF","PF","PF","PF","PF","PF","PF","PF","PF","NF","NF"
"Hong Kong",NA,NA,NA,NA,NA,NA,NA,NA,NA,NA,NA,NA,NA,NA,NA,"F","F","F","PF",NA,NA,NA,NA,NA,NA,NA,"F","F","F","F","PF","PF","PF","PF"
"Hungary",310,"NF","NF","NF","NF","NF","NF","NF","NF","NF","NF","PF","F","F","F","F","PF","PF","PF","F","F","F","F","F","F","F","F","F","F","F","F","F","F","PF"
"Iceland",395,"F","F","F","F","F","F","F","F","F","F","F","F","F","F","F","F","F","F","F","F","F","F","F","F","F","F","F","F","F","F","F","F","F"
"India",750,"F","F","F","F","F","F","F","F","F","F","F","F","F","F","PF","PF","PF","PF","PF","PF","PF","PF","PF","PF","PF","PF","PF","PF","PF","PF","PF","PF","PF"
"Indonesia",850,"PF","PF","PF","PF","PF","PF","PF","PF","PF","NF","NF","NF","PF","PF","PF","NF","NF","NF","NF","PF","PF","PF","PF","PF","PF","PF","PF","PF","PF","PF","PF","PF","PF"
"Iran",630,"PF","PF","NF","NF","NF","NF","NF","NF","NF","NF","NF","NF","NF","NF","NF","NF","NF","NF","NF","NF","NF","NF","NF","NF","NF","NF","NF","NF","NF","NF","NF","NF","NF"
"Iraq",645,"NF","NF","NF","NF","NF","NF","NF","NF","NF","NF","NF","NF","NF","NF","NF","NF","NF","NF","NF","NF","NF","NF","NF","NF","NF","NF","NF","NF","NF","NF","NF","NF","NF"
"Ireland",205,"F","F","F","F","F","F","F","F","F","F","F","F","F","F","F","F","F","F","F","F","F","F","F","F","F","F","F","F","F","F","F","F","F"
"Israel",666,"F","F","F","F","F","F","F","F","F","F","F","F","F","F","F","F","F","F","F","F","F","F","F","F","F","F","F","F","F","PF","F","F","F"
"Italy",325,"F","F","F","F","F","F","F","F","F","F","F","F","F","F","F","F","F","F","F","F","F","F","F","F","PF","PF","PF","F","F","PF","PF","PF","PF"
"Jamaica",51,"F","F","F","F","F","F","F","F","F","F","F","F","F","F","F","F","F","F","F","F","F","F","F","F","F","F","F","F","F","F","F","F","F"
"Japan",740,"F","F","F","F","F","F","F","F","F","F","F","F","F","F","F","F","F","F","F","F","F","F","F","F","F","F","F","F","F","F","F","F","F"
"Jordan",663,"NF","NF","NF","NF","NF","NF","NF","NF","NF","NF","NF","NF","NF","PF","PF","PF","PF","PF","PF","NF","PF","PF","PF","NF","NF","NF","NF","NF","NF","NF","NF","NF","NF"
"Kazakhstan",705,NA,NA,NA,NA,NA,NA,NA,NA,NA,NA,NA,NA,NA,"PF","PF","NF","NF","NF","NF","NF","NF","NF","NF","NF","NF","NF","NF","NF","NF","NF","NF","NF","NF"
"Kenya",501,"PF","PF","PF","PF","PF","PF","PF","PF","NF","NF","NF","NF","NF","PF","PF","PF","NF","PF","NF","NF","NF","NF","NF","NF","PF","NF","PF","PF","PF","PF","PF","PF","PF"
"Kiribati",946,NA,NA,NA,NA,NA,NA,NA,NA,NA,NA,NA,NA,NA,NA,"F","F","F","F","F","F","F","F","F","F","F","F","F","F","F","F","F","F","F"
"Kosovo",347,NA,NA,NA,NA,NA,NA,NA,NA,NA,NA,NA,NA,NA,NA,NA,NA,NA,NA,NA,NA,NA,NA,NA,NA,NA,NA,NA,NA,NA,NA,"PF","PF","PF"
"Kuwait",690,"PF","PF","PF","PF","PF","PF","PF","PF","PF","NF","NF","NF","NF","NF","NF","NF","PF","PF","PF","PF","PF","PF","PF","PF","PF","PF","PF","PF","PF","PF","PF","PF","PF"
"Kyrgyzstan",703,NA,NA,NA,NA,NA,NA,NA,NA,NA,NA,NA,NA,NA,"PF","PF","PF","PF","NF","NF","NF","NF","NF","NF","NF","NF","NF","NF","NF","NF","NF","NF","NF","NF"
"Laos",812,"NF","NF","NF","NF","NF","NF","NF","NF","NF","NF","NF","NF","NF","NF","NF","NF","NF","NF","NF","NF","NF","NF","NF","NF","NF","NF","NF","NF","NF","NF","NF","NF","NF"
"Latvia",367,NA,NA,NA,NA,NA,NA,NA,NA,NA,NA,NA,NA,"F","PF","F","F","F","F","F","F","F","F","F","F","F","F","F","F","F","F","F","F","F"
"Lebanon",660,"PF","PF","PF","PF","PF","PF","PF","PF","PF","NF","NF","NF","PF","PF","PF","PF","PF","PF","NF","NF","NF","NF","NF","NF","NF","PF","PF","PF","PF","PF","PF","PF","PF"
"Lesotho",570,"PF","PF","PF","PF","PF","PF","PF","PF","NF","NF","NF","NF","PF","PF","PF","PF","PF","PF","PF","PF","PF","PF","PF","PF","PF","PF","PF","PF","PF","PF","PF","PF","PF"
"Liberia",450,"PF","NF","NF","NF","PF","PF","PF","PF","PF","NF","NF","NF","NF","NF","NF","NF","NF","NF","NF","NF","NF","NF","NF","NF","NF","NF","NF","NF","NF","NF","NF","PF","PF"
"Libya",620,"NF","NF","NF","NF","NF","NF","NF","NF","NF","NF","NF","NF","NF","NF","NF","NF","NF","NF","NF","NF","NF","NF","NF","NF","NF","NF","NF","NF","NF","NF","NF","NF","PF"
"Liechtenstein",223,NA,NA,NA,NA,NA,NA,NA,NA,NA,NA,NA,NA,NA,NA,NA,NA,NA,NA,NA,NA,NA,NA,NA,"F","F","F","F","F","F","F","F","F","F"
"Lithuania",368,NA,NA,NA,NA,NA,NA,NA,NA,NA,NA,NA,NA,"F","PF","F","F","F","F","F","F","F","F","F","F","F","F","F","F","F","F","F","F","F"
"Luxembourg",212,"F","F","F","F","F","F","F","F","F","F","F","F","F","F","F","F","F","F","F","F","F","F","F","F","F","F","F","F","F","F","F","F","F"
"Macedonia",343,NA,NA,NA,NA,NA,NA,NA,NA,NA,NA,NA,NA,NA,"PF",NA,"PF","PF","PF","PF","PF","PF","PF","PF","PF","PF","PF","PF","PF","PF","PF","PF","PF","PF"
"Madagascar",580,"NF","NF","NF","NF","NF","NF","NF","NF","NF","NF","NF","PF","PF","PF","PF","PF","PF","PF","PF","PF","PF","PF","PF","PF","PF","PF","PF","PF","PF","PF","NF","NF","NF"
"Malawi",553,"NF","NF","NF","NF","NF","NF","NF","NF","NF","NF","NF","NF","NF","NF","PF","PF","PF","PF","PF","PF","PF","PF","PF","PF","PF","PF","PF","PF","PF","PF","PF","PF","PF"
"Malaysia",820,"PF","PF","PF","PF","PF","PF","PF","PF","NF","PF","PF","PF","PF","PF","PF","NF","NF","NF","NF","NF","NF","NF","NF","NF","NF","NF","NF","NF","NF","NF","NF","NF","NF"
"Maldives",781,"PF","PF","PF","PF","PF","PF","PF","PF","PF","PF","PF","NF","NF","NF","NF","NF","NF","NF","NF","NF","NF","NF","NF","NF","NF","NF","NF","NF","NF","PF","PF","PF","PF"
"Mali",432,"NF","NF","NF","NF","NF","NF","NF","NF","NF","NF","NF","NF","NF","PF","PF","PF","F","F","F","F","F","F","F","F","F","F","F","F","F","F","F","F","F"
"Malta",338,"PF","PF","F","F","F","F","F","F","F","F","F","F","F","F","F","F","F","F","F","F","F","F","F","F","F","F","F","F","F","F","F","F","F"
"Marshall Islands",983,NA,NA,NA,NA,NA,NA,NA,NA,NA,NA,NA,NA,NA,NA,"F","F","F","F","F","F","F","F","F","F","F","F","F","F","F","F","F","F","F"
"Mauritania",435,"NF","NF","NF","NF","NF","NF","NF","NF","NF","NF","NF","NF","NF","NF","NF","NF","NF","NF","NF","NF","NF","NF","NF","NF","NF","NF","PF","PF","PF","PF","PF","PF","PF"
"Mauritius",590,"F","F","F","F","F","F","F","F","F","F","F","F","F","F","F","F","F","F","F","F","F","F","F","F","F","F","F","F","F","F","F","F","F"
"Mexico",70,"PF","PF","PF","PF","PF","PF","PF","PF","PF","PF","PF","PF","PF","PF","PF","PF","PF","PF","PF","PF","PF","PF","PF","PF","PF","PF","PF","PF","PF","PF","PF","NF","NF"
"Micronesia",NA,NA,NA,NA,NA,NA,NA,NA,NA,NA,NA,NA,NA,NA,NA,"F","F","F","F","F","F","F","F","F","F","F","F","F","F","F","F","F","F","F"
"Moldova",359,NA,NA,NA,NA,NA,NA,NA,NA,NA,NA,NA,NA,NA,"PF","PF","PF","NF","PF","PF","PF","PF","PF","PF","PF","NF","NF","NF","NF","NF","NF","NF","PF","PF"
"Monaco",221,NA,NA,NA,NA,NA,NA,NA,NA,NA,NA,NA,NA,NA,NA,NA,NA,NA,NA,NA,NA,NA,NA,NA,"F","F","F","F","F","F","F","F","F","F"
"Mongolia",712,"NF","NF","NF","NF","NF","NF","NF","NF","NF","NF","NF","PF","PF","F","PF","PF","PF","PF","PF","F","F","F","PF","PF","PF","PF","PF","PF","PF","PF","PF","PF","PF"
"Montenegro",341,NA,NA,NA,NA,NA,NA,NA,NA,NA,NA,NA,NA,NA,NA,NA,NA,NA,NA,NA,NA,NA,NA,NA,NA,NA,NA,NA,"PF","PF","PF","PF","PF","PF"
"Morocco",600,"PF","PF","PF","PF","PF","PF","PF","PF","PF","NF","NF","PF","PF","PF","PF","PF","PF","PF","PF","PF","PF","PF","PF","PF","NF","NF","NF","NF","NF","NF","NF","NF","NF"
"Mozambique",541,"NF","NF","NF","NF","NF","NF","NF","NF","NF","NF","NF","NF","PF","PF","NF","PF","PF","PF","PF","PF","PF","PF","PF","PF","PF","PF","PF","PF","PF","PF","PF","PF","PF"
"Namibia",565,NA,NA,NA,NA,NA,NA,NA,NA,NA,NA,NA,NA,"F","F","F","F","F","F","F","PF","PF","PF","PF","PF","PF","F","F","F","F","F","PF","PF","PF"
"Nauru",970,"F","F","F","F","F","F","F","F","F","F","F","F","F","F","F","F","F","F","F","F","F","F","F","F","F","F","F","F","F","F","F","F","F"
"Nepal",790,"PF","PF","PF","PF","PF","PF","PF","PF","PF","PF","PF","PF","F","F","PF","PF","PF","PF","PF","PF","PF","PF","PF","NF","NF","NF","NF","PF","PF","PF","PF","PF","PF"
"Netherlands",210,"F","F","F","F","F","F","F","F","F","F","F","F","F","F","F","F","F","F","F","F","F","F","F","F","F","F","F","F","F","F","F","F","F"
"New Zealand",920,"F","F","F","F","F","F","F","F","F","F","F","F","F","F","F","F","F","F","F","F","F","F","F","F","F","F","F","F","F","F","F","F","F"
"Nicaragua",93,"F","F","PF","PF","PF","PF","PF","NF","PF","NF","NF","PF","PF","PF","PF","PF","PF","PF","PF","PF","PF","PF","PF","PF","PF","PF","PF","PF","PF","PF","PF","PF","PF"
"Niger",436,"NF","NF","NF","NF","NF","NF","NF","NF","NF","NF","NF","NF","NF","NF","NF","NF","PF","NF","NF","NF","NF","NF","PF","PF","PF","PF","PF","PF","NF","NF","NF","PF","PF"
"Nigeria",475,"F","F","F","F","F","PF","PF","PF","PF","F","PF","PF","PF","PF","PF","NF","NF","NF","NF","PF","PF","PF","PF","PF","PF","PF","PF","PF","PF","PF","PF","PF","PF"
"North Korea",731,"NF","NF","NF","NF","NF","NF","NF","NF","NF","NF","NF","NF","NF","NF","NF","NF","NF","NF","NF","NF","NF","NF","NF","NF","NF","NF","NF","NF","NF","NF","NF","NF","NF"
"Norway",385,"F","F","F","F","F","F","F","F","F","F","F","F","F","F","F","F","F","F","F","F","F","F","F","F","F","F","F","F","F","F","F","F","F"
"Oman",698,"NF","NF","NF","NF","NF","NF","NF","NF","NF","NF","NF","NF","NF","NF","NF","NF","NF","NF","NF","NF","NF","NF","NF","NF","NF","NF","NF","NF","NF","NF","NF","NF","NF"
"Pakistan",770,"NF","NF","NF","NF","NF","NF","PF","PF","PF","F","PF","PF","PF","PF","PF","PF","PF","PF","PF","PF","NF","PF","PF","PF","NF","NF","NF","NF","NF","NF","NF","NF","NF"
"Palau",986,NA,NA,NA,NA,NA,NA,NA,NA,NA,NA,NA,NA,NA,NA,NA,NA,NA,NA,NA,NA,NA,NA,NA,"F","F","F","F","F","F","F","F","F","F"
"Panama",95,"PF","F","PF","PF","PF","PF","PF","PF","NF","NF","NF","F","F","F","F","F","F","F","F","F","F","F","F","PF","PF","PF","PF","PF","PF","PF","PF","PF","PF"
"Papua New Guinea",910,"F","F","F","F","F","F","F","F","F","F","F","F","F","F","F","F","F","F","F","F","F","F","F","F","F","F","F","F","F","F","F","F","F"
"Paraguay",150,"PF","PF","PF","PF","PF","PF","NF","NF","PF","NF","PF","PF","PF","PF","PF","PF","PF","PF","PF","PF","PF","PF","PF","PF","PF","PF","PF","PF","PF","PF","PF","PF","PF"
"Peru",135,"PF","F","F","F","F","F","F","F","F","F","F","PF","PF","PF","PF","PF","PF","PF","PF","NF","NF","PF","F","PF","PF","PF","PF","PF","PF","PF","PF","PF","PF"
"Philippines",840,"PF","PF","PF","PF","PF","PF","PF","F","F","F","F","F","PF","PF","PF","PF","PF","PF","F","F","F","F","F","F","PF","PF","PF","PF","PF","PF","PF","PF","PF"
"Poland",290,"NF","PF","PF","PF","PF","PF","PF","PF","PF","NF","PF","F","F","F","F","F","F","F","F","F","F","F","F","F","F","F","F","F","F","F","F","F","F"
"Portugal",235,"F","F","F","F","F","F","F","F","F","F","F","F","F","F","F","F","F","F","F","F","F","F","F","F","F","F","F","F","F","F","F","F","F"
"Qatar",694,"NF","NF","NF","NF","NF","NF","NF","NF","NF","NF","NF","NF","NF","NF","NF","NF","NF","PF","NF","NF","NF","NF","NF","NF","NF","NF","NF","NF","NF","NF","NF","NF","NF"
"Romania",360,"NF","NF","NF","NF","NF","NF","NF","NF","NF","NF","NF","NF","PF","F","PF","PF","PF","PF","PF","PF","PF","PF","PF","PF","PF","PF","PF","PF","PF","PF","PF","PF","PF"
"Russia",365,NA,NA,NA,NA,NA,NA,NA,NA,NA,NA,NA,NA,NA,"PF","PF","PF","PF","PF","PF","PF","PF","PF","PF","NF","NF","NF","NF","NF","NF","NF","NF","NF","NF"
"Rwanda",517,NA,NA,NA,NA,NA,NA,NA,NA,NA,NA,NA,NA,"NF","NF","NF","NF","NF","NF","NF","NF","NF","NF","NF","NF","NF","NF","NF","NF","NF","NF","NF","NF","NF"
"Saint Kitts and Nevis",60,NA,NA,NA,NA,NA,"F","F","F","F","F","F","F","F","F","F","F","F","F","F","F","F","F","F","F","F","F","F","F","F","F","F","F","F"
"Saint Lucia",56,"F","F","F","F","F","F","F","F","F","F","F","F","F","F","F","F","F","F","F","F","F","F","F","F","F","F","F","F","F","F","F","F","F"
"Saint Vincent and the Grenadines",57,"F","F","F","F","F","F","F","F","F","F","F","F","F","F","F","F","F","F","F","F","F","F","F","F","F","F","F","F","F","F","F","F","F"
"Samoa",990,NA,NA,NA,NA,NA,NA,NA,NA,NA,NA,NA,NA,NA,NA,"F","F","F","F","F","PF","PF","F","F","F","F","F","F","F","F","F","F","F","F"
"San Marino",331,NA,NA,NA,NA,NA,NA,NA,NA,NA,NA,NA,NA,NA,NA,NA,NA,NA,NA,NA,NA,NA,NA,NA,"F","F","F","F","F","F","F","F","F","F"
"Sao Tome and Principe",403,"NF","NF","NF","NF","NF","NF","NF","NF","NF","NF","NF","NF","PF","PF","PF","PF","PF","PF","F","F","F","F","F","F","F","F","F","F","F","F","F","F","F"
"Saudi Arabia",670,"NF","NF","NF","NF","NF","NF","NF","NF","NF","NF","NF","NF","NF","NF","NF","NF","NF","NF","NF","NF","NF","NF","NF","NF","NF","NF","NF","NF","NF","NF","NF","NF","NF"
"Senegal",433,"PF","PF","PF","PF","PF","PF","PF","PF","PF","PF","PF","PF","PF","PF","PF","PF","PF","PF","PF","PF","PF","PF","PF","PF","PF","PF","PF","PF","PF","PF","PF","PF","PF"
"Serbia",345,NA,NA,NA,NA,NA,NA,NA,NA,NA,NA,NA,NA,NA,NA,NA,NA,NA,NA,NA,NA,NA,NA,NA,NA,NA,NA,NA,NA,NA,"PF","PF","PF","PF"
"Serbia and Montenegro",345,NA,NA,NA,NA,NA,NA,NA,NA,NA,NA,NA,NA,NA,NA,"NF","NF","NF","NF","NF","NF","NF","PF","PF","PF","PF","PF","PF","PF","PF",NA,NA,NA,NA
"Seychelles",591,"NF","NF","NF","NF","NF","NF","NF","NF","NF","NF","NF","NF","NF","PF","PF","PF","PF","PF","PF","PF","PF","PF","PF","PF","PF","PF","PF","PF","PF","PF","PF","PF","PF"
"Sierra Leone",451,"NF","NF","NF","NF","PF","PF","PF","PF","PF","NF","NF","PF","PF","NF","NF","NF","NF","NF","NF","NF","NF","NF","NF","NF","PF","PF","PF","PF","PF","PF","PF","PF","PF"
"Singapore",830,"NF","NF","NF","NF","NF","NF","PF","PF","PF","PF","PF","PF","PF","PF","PF","NF","NF","NF","NF","NF","NF","NF","NF","NF","NF","NF","NF","NF","NF","NF","NF","NF","NF"
"Slovakia",317,NA,NA,NA,NA,NA,NA,NA,NA,NA,NA,NA,NA,NA,NA,"PF","PF","PF","PF","PF","F","F","F","F","F","F","F","F","F","F","F","F","F","F"
"Slovenia",349,NA,NA,NA,NA,NA,NA,NA,NA,NA,NA,NA,NA,NA,"PF","PF","PF","F","F","F","F","F","F","F","F","F","F","F","F","F","F","F","F","F"
"Solomon Islands",940,NA,NA,NA,NA,NA,NA,NA,NA,NA,NA,NA,NA,NA,NA,"F","F","F","F","F","F","F","F","F","F","F","F","F","F","F","F","F","F","F"
"Somalia",520,"NF","NF","NF","NF","NF","NF","NF","NF","NF","NF","NF","NF","NF","NF","NF","NF","NF","NF","NF","NF","NF","NF","NF","NF","NF","NF","NF","NF","NF","NF","NF","NF","NF"
"South Africa",560,"PF","PF","PF","PF","PF","PF","PF","PF","PF","NF","PF","PF","PF","PF","PF","F","F","F","F","F","F","F","F","F","F","F","F","F","F","F","PF","PF","PF"
"South Korea",732,"PF","NF","PF","PF","PF","PF","PF","PF","PF","F","F","F","F","F","F","F","F","F","F","F","F","F","F","F","F","F","F","F","F","F","F","PF","PF"
"South Sudan",626,NA,NA,NA,NA,NA,NA,NA,NA,NA,NA,NA,NA,NA,NA,NA,NA,NA,NA,NA,NA,NA,NA,NA,NA,NA,NA,NA,NA,NA,NA,NA,NA,"PF"
"Spain",230,"F","F","F","F","F","F","F","F","F","F","F","F","F","F","F","F","F","F","F","F","F","F","F","F","F","F","F","F","F","F","F","F","F"
"Sri Lanka",780,"F","F","F","F","PF","PF","PF","PF","PF","PF","PF","PF","PF","PF","PF","PF","PF","PF","PF","PF","NF","NF","NF","PF","PF","PF","PF","NF","NF","NF","NF","NF","NF"
"Sudan",625,"NF","NF","NF","NF","NF","NF","NF","PF","PF","PF","NF","NF","NF","NF","NF","NF","NF","NF","NF","NF","NF","NF","NF","NF","NF","NF","NF","NF","NF","NF","NF","NF","NF"
"Suriname",115,"F","NF","NF","NF","NF","NF","NF","NF","PF","F","PF","PF","PF","PF","PF","PF","PF","PF","PF","PF","PF","F","F","F","F","F","F","F","F","F","F","F","F"
"Swaziland",572,"NF","NF","NF","NF","NF","NF","NF","NF","NF","NF","NF","NF","PF","PF","NF","NF","NF","NF","NF","NF","NF","NF","NF","NF","NF","NF","NF","NF","NF","NF","NF","NF","NF"
"Sweden",380,"F","F","F","F","F","F","F","F","F","F","F","F","F","F","F","F","F","F","F","F","F","F","F","F","F","F","F","F","F","F","F","F","F"
"Switzerland",225,"F","F","F","F","F","F","F","F","F","F","F","F","F","F","F","F","F","F","F","F","F","F","F","F","F","F","F","F","F","F","F","F","F"
"Syria",652,"NF","NF","NF","NF","NF","NF","NF","NF","NF","NF","NF","NF","NF","NF","NF","NF","NF","NF","NF","NF","NF","NF","NF","NF","NF","NF","NF","NF","NF","NF","NF","NF","NF"
"Taiwan",713,"PF","PF","PF","PF","PF","PF","PF","PF","PF","PF","PF","PF","PF","PF","F","F","F","F","F","F","F","F","F","F","F","F","F","F","F","F","F","F","F"
"Tajikistan",702,NA,NA,NA,NA,NA,NA,NA,NA,NA,NA,NA,NA,NA,"NF","NF","NF","NF","NF","NF","NF","NF","NF","NF","NF","NF","NF","NF","NF","NF","NF","NF","NF","NF"
"Tanzania",510,"NF","NF","NF","NF","NF","NF","NF","NF","NF","NF","NF","NF","NF","PF","PF","PF","PF","PF","PF","PF","PF","PF","PF","PF","PF","PF","PF","PF","PF","PF","PF","PF","PF"
"Thailand",800,"PF","PF","PF","PF","PF","PF","PF","PF","PF","PF","PF","F","PF","F","PF","PF","PF","PF","PF","F","F","F","F","PF","PF","PF","PF","PF","PF","PF","PF","NF","PF"
"Togo",461,"NF","NF","NF","NF","NF","NF","NF","NF","NF","NF","NF","NF","PF","NF","NF","NF","NF","NF","NF","NF","NF","NF","NF","NF","NF","NF","NF","NF","NF","NF","NF","NF","NF"
"Tonga",955,"NF","NF","NF","NF","PF","PF","PF","PF","PF","NF","PF","PF","PF","PF","PF","PF","PF","PF","PF","PF","PF","PF","PF","PF","PF","PF","PF","PF","PF","PF","PF","PF","F"
"Transkei",NA,"NF","NF","NF","NF","NF","NF","NF","NF","NF",NA,NA,NA,NA,NA,NA,NA,NA,NA,NA,NA,NA,NA,NA,NA,NA,NA,NA,NA,NA,NA,NA,NA,NA
"Trinidad and Tobago",52,"F","F","F","F","F","F","F","F","F","F","F","F","F","F","F","F","F","F","F","F","F","F","F","F","F","F","F","F","F","F","F","F","F"
"Tunisia",616,"PF","PF","PF","PF","PF","PF","PF","PF","PF","NF","PF","PF","PF","PF","PF","NF","NF","NF","NF","NF","NF","NF","NF","NF","NF","NF","NF","NF","NF","NF","NF","NF","PF"
"Turkey",640,"F","PF","PF","PF","PF","PF","PF","PF","PF","PF","PF","PF","PF","PF","PF","NF","NF","NF","NF","NF","PF","PF","PF","PF","PF","PF","PF","PF","PF","PF","PF","PF","PF"
"Turkmenistan",701,NA,NA,NA,NA,NA,NA,NA,NA,NA,NA,NA,NA,NA,"NF","NF","NF","NF","NF","NF","NF","NF","NF","NF","NF","NF","NF","NF","NF","NF","NF","NF","NF","NF"
"Tuvalu",947,NA,NA,NA,NA,NA,NA,NA,NA,NA,NA,NA,NA,NA,NA,NA,NA,NA,NA,NA,NA,NA,NA,NA,"F","F","F","F","F","F","F","F","F","F"
"Uganda",500,"NF","PF","NF","NF","NF","PF","PF","PF","PF","NF","NF","NF","NF","NF","NF","PF","PF","PF","PF","PF","PF","PF","PF","PF","PF","PF","PF","PF","PF","PF","PF","PF","PF"
"Ukraine",369,NA,NA,NA,NA,NA,NA,NA,NA,NA,NA,NA,NA,NA,"PF","PF","PF","PF","PF","PF","PF","PF","PF","PF","NF","NF","PF","PF","PF","PF","PF","PF","PF","PF"
"United Arab Emirates",696,"PF","PF","PF","PF","PF","PF","PF","PF","PF","NF","NF","NF","NF","NF","NF","NF","NF","NF","NF","NF","NF","NF","NF","NF","NF","NF","NF","NF","NF","NF","NF","NF","NF"
"United Kingdom",200,"F","F","F","F","F","F","F","F","F","F","F","F","F","F","F","F","F","F","F","F","F","F","F","F","F","F","F","F","F","F","F","F","F"
"United States",2,"F","F","F","F","F","F","F","F","F","F","F","F","F","F","F","F","F","F","F","F","F","F","F","F","F","F","F","F","F","F","F","F","F"
"Uruguay",165,"NF","PF","PF","PF","PF","PF","F","F","F","F","F","F","F","F","F","F","F","F","F","F","F","F","F","F","F","F","F","F","F","F","F","F","F"
"USSR",365,"NF","NF","NF","NF","NF","NF","NF","NF","NF","NF","NF","PF","PF",NA,NA,NA,NA,NA,NA,NA,NA,NA,NA,NA,NA,NA,NA,NA,NA,NA,NA,NA,NA
"Uzbekistan",704,NA,NA,NA,NA,NA,NA,NA,NA,NA,NA,NA,NA,NA,"NF","NF","NF","NF","NF","NF","NF","NF","NF","NF","NF","NF","NF","NF","NF","NF","NF","NF","NF","NF"
"Vanuatu",935,NA,NA,NA,NA,NA,"PF","PF","PF","PF","F","F","F","F","F","PF","PF","PF","PF","PF","PF","PF","PF","F","F","F","F","F","F","F","F","F","F","F"
"Venezuela",101,"F","F","F","F","F","F","F","F","F","F","F","F","F","F","F","PF","PF","PF","PF","PF","PF","PF","PF","NF","NF","NF","NF","NF","NF","NF","NF","NF","NF"
"Vietnam",816,"NF","NF","NF","NF","NF","NF","NF","NF","NF","NF","NF","NF","NF","NF","NF","NF","NF","NF","NF","NF","NF","NF","NF","NF","NF","NF","NF","NF","NF","NF","NF","NF","NF"
"West Bank and Gaza Strip",NA,NA,NA,NA,NA,NA,NA,NA,NA,NA,NA,NA,NA,NA,NA,NA,NA,NA,NA,NA,NA,NA,NA,NA,NA,NA,NA,NA,NA,NA,NA,NA,NA,"NF"
"Yemen",679,NA,NA,NA,NA,NA,NA,NA,NA,NA,NA,NA,"NF","NF","NF","PF","NF","NF","NF","NF","NF","NF","NF","NF","NF","NF","NF","NF","NF","NF","NF","NF","NF","NF"
"Yemen, North",678,"NF","NF","NF","NF","NF","NF","NF","NF","NF","NF","NF",NA,NA,NA,NA,NA,NA,NA,NA,NA,NA,NA,NA,NA,NA,NA,NA,NA,NA,NA,NA,NA,NA
"Yemen, South",680,"NF","NF","NF","NF","NF","NF","NF","NF","NF","NF","NF",NA,NA,NA,NA,NA,NA,NA,NA,NA,NA,NA,NA,NA,NA,NA,NA,NA,NA,NA,NA,NA,NA
"Yugoslavia",345,"NF","NF","NF","NF","NF","NF","NF","NF","NF","NF","NF","PF","PF","NF",NA,NA,NA,NA,NA,NA,NA,NA,NA,NA,NA,NA,NA,NA,NA,NA,NA,NA,NA
"Zambia",551,"PF","PF","PF","PF","PF","PF","PF","PF","PF","NF","NF","NF","PF","F","PF","NF","NF","NF","PF","NF","NF","NF","NF","NF","NF","NF","NF","NF","NF","NF","NF","NF","PF"
"Zimbabwe",552,"PF","PF","PF","PF","PF","NF","NF","NF","NF","NF","NF","PF","PF","PF","PF","PF","PF","PF","NF","NF","NF","NF","NF","NF","NF","NF","NF","NF","NF","NF","NF","NF","NF"
